from_lc_id,to_lc_id,link_traffic
8,1,1067594
3,1,3543666
7,1,3014753
7,2,3602338
10,2,2237781
4,2,7302780
5,4,9931781
7,4,5441323
1,4,1557671
2,4,1800884
3,0,366945
4,3,12184172
7,3,9348141
1,3,2658195
3,4,6574601
4,7,10755085
8,3,2399820
3,7,13363427
3,2,4004048
4,5,11680539
1,7,3035254
2,7,3109985
10,11,1159793
5,11,588439
12,11,139967
14,12,35101
11,15,162213
24,4,674325
10,4,3965163
2,3,2198422
10,1,1504916
5,1,1110077
3,8,3690663
10,5,1630758
13,4,2039604
3,10,7925525
1,13,545210
9,5,47486
12,4,204945
11,4,1044278
6,4,808288
7,11,125584
3,11,1172985
4,11,1938371
0,3,184831
5,3,2999863
6,3,1792215
15,4,867458
10,7,2184061
27,6,6556
9,7,535340
8,10,373309
1,10,1303576
54,4,70253
4,6,2567899
17,7,674098
13,7,967843
46,7,84418
24,7,370786
5,7,2262215
6,7,935576
3,16,690092
7,16,235328
11,10,1787922
7,8,247533
2,1,2550705
22,10,158342
13,5,245256
17,4,619806
21,3,630217
17,1,279551
3,9,3781415
6,9,45558
22,8,123369
4,8,686503
1,8,991881
5,8,86670
6,25,26175
4,10,9226863
6,10,1333563
7,10,1827553
39,10,45160
10,6,1437694
5,6,315617
3,17,1668378
3,28,119
13,17,316898
6,2,470700
1,2,2379561
4,17,1166916
3,6,3791034
14,4,88558
13,1,870749
25,11,43559
7,13,648168
4,13,2588238
3,25,425902
8,25,10844
9,4,287556
13,20,40221
4,20,129337
7,20,70785
2,20,20604
1,20,65914
6,20,17558
12,20,5772
3,29,180
17,2,363643
10,3,5774220
4,1,3039729
8,21,15407
24,2,554173
21,4,198702
6,1,1569140
2,10,1305206
5,2,2206268
6,17,122099
7,17,741623
19,7,41055
17,12,33130
15,12,58326
1,6,1998101
17,3,1105583
22,1,409917
9,1,201795
33,10,8521
13,2,364130
1,21,66140
6,11,424164
12,3,347684
22,3,335517
11,2,417844
47,7,14389
21,7,83038
25,7,54293
16,7,135176
15,7,173920
1,0,103916
33,7,38911
2,5,664271
2,6,475993
8,0,55949
22,2,76887
11,3,925736
33,5,38622
21,10,47979
17,10,161086
10,13,143048
5,13,428672
3,13,664581
22,13,71615
20,3,82143
1,16,52928
11,7,236267
3,15,194867
4,15,1114334
10,14,108695
11,14,167404
22,4,232083
10,24,208358
2,24,420837
1,24,153409
9,3,3598611
5,16,85081
4,16,525983
2,33,7074
4,33,102617
7,33,48281
8,6,142943
3,5,1763161
11,13,78881
15,13,87139
7,6,1030884
5,10,3050902
3,22,491803
6,22,104277
17,22,50875
11,6,778221
21,33,1194
3,27,76370
17,13,310868
3,21,758629
11,1,154825
12,10,98982
15,10,361707
4,24,1096658
3,24,323163
15,24,34087
7,24,258379
14,10,173349
7,5,1151367
835,3,22
20,6,15481
17,39,8745
8,20,1499
11,20,8517
44,20,2269
20,7,113685
24,3,252707
19,3,601727
8,13,78669
3,19,911033
3,12,465740
2,12,86791
21,2,185426
12,2,101144
8,2,147377
8,4,264357
17,24,20184
0,10,147292
16,10,98020
13,3,725189
16,3,388253
3,42,23233
6,14,33064
20,5,9511
14,2,28702
2,0,30223
12,1,54108
0,1,111367
39,1,69634
14,1,14098
10,34,23874
14,11,159084
13,11,59709
15,11,320871
21,27,2378
9,2,162380
1442,2,17
15,2,366635
22,24,10921
12,21,46066
2,21,118422
11,21,65045
9,21,19008
6,21,52670
20,1,61291
13,21,9769
173,3,993
17,8,86185
13,8,76234
10,8,498155
2,8,120570
11,8,53374
7,22,91845
10,22,280767
8,22,116684
1,22,332099
0,8,39765
22,7,97140
0,7,51197
7,12,74351
15,5,166568
12,7,91425
13,6,145432
22,6,157174
17,6,137362
1608,4,103
20,4,87546
7,25,55186
24,5,151981
12,5,39188
3,44,15310
4,44,14856
7,44,4413
13,44,1571
5,20,15075
25,8,12561
10,0,201600
17,19,46387
9,10,23778
13,46,25619
4,46,278281
13,10,210418
0,4,155584
46,1,9508
8,7,232639
21,22,7987
25,22,5482
25,4,103287
21,1,71920
21,8,20869
6,8,104449
11,12,206020
11,19,23964
31,3,30452
39,3,79829
34,3,21913
15,1,62889
1,17,458347
12,15,43176
43,3,960
8,24,9724
5,24,196126
14,6,30085
2,9,105233
24,8,7306
5,15,173167
7,15,66768
15,3,421583
27,3,90110
0,17,33477
10,17,305167
33,3,84442
10,15,136025
16,2,55889
12,22,23284
24,11,22398
1,11,97162
3,14,68360
17,5,149230
25,5,27282
1,15,22820
6,24,56582
20,13,26835
3,33,107339
5,33,64599
20,0,658
1,12,47188
11,5,443980
13,22,81304
17,11,25653
5,19,9035
22,19,5289
2,19,7237
6,19,16786
21,19,7366
4,19,59248
17,0,47628
2,17,295832
1,5,665416
15,19,4718
4,0,334216
5,0,42916
2,11,144912
33,8,1559
71,7,50
7,19,32885
0,5,19721
93,10,134
3,57,279
0,22,30160
4,22,737444
2,22,74847
4,9,192118
74,7,512
15,6,49542
2,13,228457
24,10,204553
20,10,31568
7,9,499809
13,15,77996
5,17,197503
4,12,492857
10,12,115042
6,12,21166
20,2,51455
4,21,442033
1,34,25426
8,34,1520
8,5,43127
25,9,3759
2,16,72176
25,3,196899
7,63,3086
1166,7,10
44,5,15177
22,11,27905
6,0,33909
5,12,119659
39,12,2955
8,12,10370
10,9,28114
20,9,2072
1,9,101376
8,9,18290
8,33,966
0,24,2306
44,1,4511
17,15,61117
24,6,105109
42,3,14096
14,3,74645
8,15,3845
31,7,4131
25,1,24958
12,24,13104
16,11,23163
13,0,45392
33,6,8222
7,21,67800
19,17,47317
3,31,55883
4,73,28
7,73,72
6,5,119408
14,13,5101
21,13,7006
44,13,943
5,14,39948
8,17,95441
44,4,19799
123,5,865
15,16,15071
21,6,53236
5,21,93313
3,75,43
4,75,112
39,0,2771
0,2,30748
47,1,2609
22,44,230
22,12,16642
0,9,2020
10,16,131009
25,10,37405
42,4,9101
39,7,40352
21,5,48643
8,19,12108
19,8,8332
46,4,376596
17,9,58269
14,7,18267
47,4,33876
22,5,57801
2,15,101792
24,1,196602
13,24,69468
3,82,909
10,47,9987
10,39,55447
11,17,30068
19,0,5604
7,0,82594
22,0,26768
21,12,42416
2,25,26811
17,25,24488
4,86,30
61,4,1789
3,87,77
24,17,18142
1,14,14258
4,14,284070
12,13,22679
46,3,19056
6,13,90250
24,13,71443
22,21,8027
17,21,6064
445,4,359
33,4,42440
1,25,21881
9,17,43183
22,17,25188
9,12,21660
2,92,42
3,39,125305
1,39,55576
9,27,1908
2,39,23575
4,39,88569
9,39,5065
668,4,157
24,15,32945
7,71,67
236,5,86
16,34,337
11,34,915
4,34,7450
3,34,12946
19,1,16040
44,3,64968
697,4,80
1,19,10327
3,98,20
5,98,33
3,47,20445
4,47,53728
42,5,1788
7,103,501
3,104,1040
10,21,64964
0,6,32654
5,9,87995
3,107,43
7,107,89
4,107,243
54,10,7644
25,6,29356
3,108,9966
3,109,83
11,24,33875
13,19,12639
5,22,208076
15,17,56126
44,10,3285
46,10,2638
4,31,9838
6,27,3435
6,15,12910
4,111,18
5,111,173
10,111,37
21,14,1658
7,14,16674
13,14,5704
12,14,47508
25,14,347
3,20,64439
8,16,16686
74,10,57
16,1,47795
14,33,1266
11,33,1734
12,33,1072
10,33,7250
5,25,44897
0,21,9876
24,19,4121
6,108,533
4,108,2221
11,22,73852
21,15,8213
1609,3,35
108,3,2516
15,20,5325
19,10,11674
4,25,170150
8,14,5575
16,4,98306
3,126,13
3,129,329
3,132,325
39,13,1156
10,54,2173
39,4,27210
84,3,54
420,3,29
7,27,1351
24,16,6518
19,27,265
21,0,18521
19,13,19245
47,3,25301
34,13,280
15,21,19298
46,5,10044
34,1,18556
16,5,42539
12,6,26696
11,25,76330
9,13,20428
15,0,7374
10,20,53579
24,25,5878
3,147,47
10,25,45278
5,39,3911
8,11,21855
3,150,452
7,150,508
21,9,29871
3,151,34
3,152,14
7,152,10
4,154,13
15,8,8395
15,9,5991
9,8,15584
25,20,1078
24,22,11967
13,25,8590
9,19,11887
557,4,38
7,46,53136
44,12,8469
24,12,11221
19,21,3656
1454,5,13
39,5,5356
3,160,2392
7,160,4723
33,2,8497
22,15,4268
46,12,89
1,74,278
4,74,6581
4,103,516
16,8,12565
20,17,13922
7,170,73
3,170,11
7,173,1411
3,173,2749
19,6,22580
9,22,4739
34,39,78
0,39,1971
7,39,44513
34,10,13801
42,7,7600
3,179,15
14,24,1232
21,17,8338
10,63,211
5,63,206
2,27,642
44,22,2814
20,22,1938
15,22,15004
33,1,15514
3,137,593
7,137,128
44,2,8668
25,2,33368
19,11,22890
39,2,45779
638,10,20
7,42,10978
103,2,12
7,130,583
24,20,2746
4,187,18
7,187,14
21,11,39804
4,71,308
21,16,467
19,4,24967
3,194,81
15,14,27738
1,33,15772
19,16,2601
39,16,2060
3,46,12072
46,13,21674
121,3,4690
24,33,2490
9,6,62497
0,11,6243
14,22,3193
233,7,528
1326,3,10
0,13,26621
1366,3,26
19,22,4895
34,5,1060
109,3,209
3,201,12
4,202,401
10,203,173
3,204,2637
11,0,8460
4,205,425
5,206,140
22,207,27
7,207,157
24,0,3892
1,46,7640
27,10,583
25,17,26814
47,13,2583
7,211,37
93,4,180
6,31,4257
19,9,6910
1,63,404
2,63,98
4,63,4872
6,63,323
44,0,1634
12,0,3158
14,0,908
47,2,8953
0,12,3076
6,46,2280
13,219,38
3,164,197
6,33,6301
12,93,12
9,25,3884
8,108,183
9,108,309
12,19,16961
22,16,6015
156,3,1173
16,22,3010
22,9,4545
156,7,1660
3,94,185
25,24,3646
47,22,537
16,33,519
44,6,1539
16,6,11471
11,44,2397
47,5,1351
16,0,790
6,233,363
34,2,2777
5,123,2592
116,3,266
4,234,37
9,0,3011
14,17,7970
34,16,578
11,16,41150
5,27,771
12,25,2328
12,9,8796
537,3,535
6,16,10055
55,4,18
511,3,37
2,14,16599
1,238,184
3,238,119
0,33,724
4,241,827
3,220,27
12,8,11495
0,15,1145
4,243,218
4,244,5399
10,244,65
2,244,48
3,244,49
7,244,161
17,47,8114
2,47,5017
14,5,18272
754,7,85
66,3,469
160,3,1505
4,252,66
7,252,36
24,9,8732
4,42,25155
3,256,723
5,44,4767
477,7,263
7,259,135
9,46,326
13,9,10615
31,6,2454
12,17,26171
12,39,4002
13,42,1475
847,4,19
19,5,5051
1191,3,126
7,47,13787
5,46,25195
13,12,30974
22,14,2538
25,15,16877
17,34,485
17,14,5353
521,5,14
5,274,691
11,205,28
39,22,1609
54,7,3107
204,10,59
19,12,7999
31,2,2017
3,280,16
93,3,796
5,282,92
7,282,79
4,283,15
54,3,1777
10,19,13893
34,27,335
3,66,789
1,204,300
47,10,5650
7,128,5947
31,5,4718
14,20,1102
15,25,26554
54,2,2221
33,13,2848
16,19,1685
63,10,401
7,102,21
3,299,25
3,136,186
4,136,12
1,27,866
1522,3,103
7,156,6885
39,17,13048
316,3,70
46,2,12108
416,3,79
7,31,6349
33,22,985
47,6,1037
16,39,2011
2,34,1825
7,34,1491
6,34,214
39,6,5429
4,128,339
6,39,3269
4,313,183
3,313,85
1104,2,26
1,47,2041
718,3,21
10,44,5815
3,317,10
7,317,44
39,8,5823
3,318,46
25,0,1553
19,2,11648
14,15,11431
188,4,124
25,13,9373
3,324,31
17,33,2206
20,12,4045
663,3,240
205,3,224
3,327,215
907,3,13
33,17,1904
4,54,52733
16,25,2135
13,47,4245
94,3,165
9,11,2734
2,42,1054
11,332,15
9,24,7693
1362,2,14
4,315,329
4,78,24
5,78,13
10,78,10
248,5,103
46,8,281
4,336,13
729,7,53
10,237,10
3,237,580
467,3,66
326,10,44
19,25,9623
399,7,13
16,9,1371
19,130,104
3,347,22
33,12,3319
237,7,20
33,21,2720
326,3,283
10,84,474
84,5,280
10,207,12
4,207,13
7,354,13
2,44,1969
638,2,49
5,197,350
4,197,25
136,3,232
13,358,17
7,358,45
27,7,1862
106,10,15
31,1,1158
5,360,49
44,17,1420
822,3,99
559,3,13
578,10,46
13,33,2394
3,369,25
74,4,2918
16,13,4825
7,371,37
3,371,135
19,15,2345
1069,4,40
887,7,35
3,233,4315
6,47,839
2,215,60
405,3,161
3,378,319
887,5,14
25,33,1259
13,16,10440
3,380,596
5,382,11
17,16,7320
0,16,1155
16,15,4466
6,256,13
3,387,11
4,391,34
1,53,453
309,3,27
161,3,18
588,10,191
22,33,904
3,394,34
39,21,4882
46,21,1251
3,398,89
3,399,183
21,20,2444
4,403,39
42,13,1026
7,124,565
3,124,692
1064,3,11
3,296,613
1150,7,10
42,2,473
3,411,16
306,4,555
34,8,1985
3,415,180
44,21,1627
800,2,94
5,47,2554
4,419,16
3,420,43
21,24,5232
84,7,1596
128,7,6117
790,3,76
44,7,6649
3,424,174
14,21,1482
24,39,3289
214,3,99
44,25,1699
0,19,5297
3,156,5238
4,432,49
5,54,2879
7,54,1126
5,435,156
25,12,6564
3,437,59
3,438,169
9,20,1315
54,6,697
1,108,192
25,21,3852
20,21,1098
31,4,3923
231,3,127
3,440,28
8,39,4414
59,7,63
946,7,51
7,447,16
16,24,2760
12,16,4121
19,39,307
4,61,2142
43,2,32
3,450,63
758,3,14
0,20,639
47,8,303
1494,3,14
4,460,113
25,16,4871
4,462,12
2,31,1987
47,24,1161
3,205,290
7,205,681
1017,4,119
146,4,34
1011,7,11
3,470,525
24,21,6018
554,5,52
729,3,20
17,27,145
285,5,44
17,20,7579
39,9,2882
6,42,51
21,25,3089
9,31,337
182,1,190
4,474,36
406,7,13
7,476,19
33,24,2122
2,478,19
21,46,496
3,326,2144
63,7,2885
4,480,94
27,2,493
2,482,32
4,484,195
27,1,874
10,31,717
61,6,82
31,8,344
7,489,17
3,490,43
7,84,1565
2,156,33
953,3,94
7,492,87
391,5,11
9,15,5727
1037,3,72
2,130,1135
3,130,579
4,500,370
3,375,34
108,4,1469
1094,4,63
133,4,346
3,506,30
742,4,38
1120,3,185
2,509,19
3,511,94
108,7,1229
3,512,49
4,513,20
1340,3,13
13,39,3117
25,34,1483
27,5,239
3,416,160
14,8,4043
315,4,692
416,2,12
33,25,532
44,14,466
4,518,203
10,521,29
5,521,22
985,4,36
3,524,161
84,10,729
47,11,425
20,8,2308
3,528,804
116,7,335
3,315,100
4,533,80
4,534,129
7,534,30
418,5,95
108,8,102
27,21,1409
8,44,81
112,3,867
4,545,13
3,547,122
861,10,45
4,380,440
123,13,22
1,44,2842
624,5,112
33,16,468
345,3,19
4,492,48
339,10,69
133,8,17
8,31,680
1197,4,90
233,10,101
4,266,427
5,266,220
4,553,56
20,24,1933
116,5,155
469,3,11
3,556,197
4,556,23
5,556,16
10,557,13
0,44,682
7,560,89
42,1,940
19,14,98
3,564,128
3,565,38
61,5,326
21,39,1005
12,44,6795
638,4,65
2,46,3925
3,571,94
1480,4,22
1205,7,164
16,12,3705
19,24,4614
34,9,4730
9,14,224
15,54,515
3,54,488
4,579,668
3,581,29
129,3,248
3,582,177
10,583,10
44,15,3508
33,0,553
339,11,17
3,589,75
4,133,190
9,16,629
3,551,137
5,551,13
259,7,224
3,499,89
3,596,25
676,4,90
4,598,389
3,599,14
7,88,51
21,61,188
1246,3,105
298,4,734
33,11,2105
7,607,10
3,43,1534
9,33,726
22,25,2202
380,3,177
1392,4,27
5,38,151
46,0,363
1,233,50
7,233,1140
908,7,182
1290,7,11
7,612,32
4,123,2772
39,24,972
14,19,224
34,15,32
306,13,14
9,44,390
42,12,175
7,586,44
1,586,14
1120,1,34
205,1,194
63,1,1171
2,289,28
0,47,237
7,525,44
5,525,10
10,224,100
3,122,47
10,122,27
17,122,26
5,122,47
7,122,29
4,122,200
33,15,620
16,17,3584
130,11,13
14,16,468
1120,4,267
34,7,1360
39,11,1053
130,4,439
3,522,112
5,298,428
4,628,108
7,108,1318
1,632,82
108,9,729
3,145,10
34,4,3464
224,10,21
1,42,1110
11,39,1085
5,638,358
114,3,54
112,4,990
7,642,120
11,608,21
20,15,3904
3,644,14
0,25,472
1321,3,142
3,585,69
21,34,563
14,34,31
5,650,209
7,650,62
3,651,59
1570,4,13
39,19,363
25,19,5874
3,660,103
22,47,908
3,662,68
7,662,13
3,666,16
205,8,41
34,21,696
4,670,62
15,47,209
7,673,29
3,673,109
27,4,584
7,674,23
3,678,21
4,679,66
169,10,26
5,34,666
7,309,64
10,128,132
298,3,122
206,7,33
963,4,31
105,4,25
3,688,97
3,600,48
38,1,80
5,598,84
46,11,185
7,181,56
4,233,1151
3,85,56
7,85,25
10,85,10
7,466,40
3,224,156
3,389,487
11,389,16
3,305,490
7,305,98
3,63,174
1028,3,71
405,1,13
4,259,94
4,237,362
1,31,1174
7,450,35
7,693,10
852,4,10
7,342,88
4,55,51
27,9,1162
5,31,7294
3,696,22
3,697,482
5,703,14
1,703,31
293,7,132
251,5,74
1374,4,162
13,205,203
5,42,2246
3,704,227
1104,3,38
3,706,251
5,175,47
15,44,2523
69,10,64
20,14,250
3,709,65
34,11,101
361,17,19
10,46,1954
164,3,55
1233,5,43
7,250,27
130,2,2360
20,33,140
4,714,14
21,47,251
42,16,231
4,130,923
4,721,13
676,5,104
2,722,61
123,3,175
1315,4,14
3,53,502
4,53,11
3,732,11
237,3,53
20,11,5677
7,735,11
8,27,423
205,5,87
804,7,208
275,3,176
20,46,550
54,1,2486
557,7,13
908,2,249
3,275,115
13,63,605
11,63,65
46,63,40
61,2,2136
46,6,2743
4,148,61
3,148,268
4,742,82
10,171,923
4,750,31
379,4,76
31,10,763
0,34,334
458,3,132
5,202,11
133,3,26
3,761,13
46,33,227
3,729,262
3,51,207
2,51,11
7,51,136
4,51,113
16,14,245
42,8,478
156,2,25
757,3,126
42,22,599
1017,3,1149
188,7,89
10,293,24
11,293,21
7,293,120
5,293,29
4,293,22
3,768,186
233,4,735
7,769,33
1502,3,11
128,5,622
3,771,48
3,772,11
5,84,683
1,84,99
11,84,139
6,84,223
451,3,100
44,16,41
7,204,10
54,20,80
9,34,3166
51,4,61
108,2,1372
7,53,239
10,53,188
5,785,14
15,39,688
108,10,106
11,74,16
3,788,155
5,30,136
7,30,240
3,790,156
358,4,115
8,46,468
10,130,56
24,31,29
7,374,161
4,523,24
61,7,323
3,76,164
13,34,565
840,7,30
42,10,141
22,20,1251
108,1,141
393,4,12
380,7,93
160,7,979
500,4,30
3,807,32
3,817,17
3,103,295
7,580,22
3,580,17
38,10,20
2,819,72
3,691,20
1497,3,13
4,366,50
638,14,12
7,372,146
4,372,391
3,822,108
34,6,187
1314,4,188
54,13,30
1296,3,51
4,827,11
84,4,1018
519,4,10
16,21,540
2,125,49
356,10,23
1,829,59
130,3,175
10,298,102
61,3,534
67,3,248
5,74,17
4,834,30
291,7,137
3,171,437
58,10,146
5,624,241
1361,4,32
7,435,455
3,264,93
1438,7,193
54,11,392
44,9,133
3,61,702
2,212,12
5,212,21
257,5,19
20,25,1293
360,7,77
3,842,123
100,13,81
7,325,138
10,844,10
1362,22,21
247,10,31
7,845,40
3,845,38
1025,3,18
7,847,40
24,44,336
3,849,65
308,5,68
3,92,208
8,92,10
4,852,139
3,853,42
204,7,60
3,855,33
19,34,29
4,442,112
5,442,54
9,442,31
7,442,109
14,25,1059
267,10,11
694,10,26
244,3,389
1642,3,21
7,862,11
3,459,12
42,15,78
4,573,26
878,3,24
7,870,12
3,804,579
44,24,1036
66,7,171
5,874,156
3,588,407
7,879,22
3,879,25
83,7,191
3,134,35
47,21,83
5,882,26
4,883,90
3,606,20
7,206,217
4,116,1077
7,231,27
7,74,532
7,888,452
11,9,2874
117,3,25
10,468,14
42,17,696
244,10,42
181,7,13
10,891,10
5,417,59
3,892,25
558,5,11
4,803,10
3,358,200
7,61,315
3,894,67
3,746,94
130,7,198
3,405,349
400,4,77
11,54,114
2,54,307
3,828,40
204,6,33
3,630,102
4,188,885
34,47,11
8,47,542
7,196,136
3,434,54
82,3,794
4,905,320
3,905,37
3,291,335
7,911,29
4,912,36
7,912,32
1362,4,158
7,232,37
4,914,21
19,33,274
3,915,473
1504,3,124
1127,5,50
1,810,11
3,919,64
977,4,89
1634,3,16
3,856,101
3,924,22
683,7,63
354,2,152
182,7,283
7,314,32
11,27,48
7,774,132
3,929,12
1092,3,40
119,11,11
5,932,14
857,4,42
244,7,631
4,933,11
233,6,60
3,240,693
378,7,24
1557,3,66
3,738,106
76,7,356
25,42,52
730,7,48
129,8,35
113,7,128
523,7,39
10,27,427
339,5,222
253,3,29
93,1,61
388,5,39
31,22,39
588,3,272
3,953,167
1378,3,59
3,325,709
203,10,110
3,140,166
130,22,34
168,1,13
3,955,15
13,76,32
3,372,55
7,869,11
7,958,43
3,917,21
4,150,1017
5,762,10
3,93,152
512,3,38
3,323,258
24,14,10561
185,4,12
1508,7,42
240,3,447
47,33,99
699,3,25
279,4,39
39,25,575
24,27,280
31,11,300
74,1,261
676,3,17
136,7,199
244,4,2181
399,3,145
53,3,153
3,976,426
205,7,677
4,418,52
7,418,39
7,83,299
1608,3,17
128,3,141
3,193,59
63,6,87
128,2,143
334,3,61
10,987,100
3,566,468
819,2,22
4,435,1063
4,656,51
15,31,286
249,7,11
5,554,31
4,554,2180
10,977,16
4,977,62
11,977,26
3,316,712
3,796,127
5,136,23
81,4,10
3,300,621
3,452,311
42,11,22
150,10,29
136,10,56
4,298,788
1225,3,25
46,19,10
3,540,108
3,995,85
3,996,91
3,954,79
3,997,318
33,9,129
7,729,90
663,7,390
4,1002,168
5,1002,11
74,13,781
17,31,72
4,1003,14
481,4,61
1287,3,17
5,125,35
10,125,15
5,248,19
3,603,132
1661,3,13
3,77,36
305,3,177
797,10,58
4,861,2909
7,861,193
1036,3,25
4,1013,209
3,1013,37
2,708,50
39,46,104
414,4,76
136,4,36
964,7,24
1,247,25
5,247,14
6,247,10
11,247,70
1099,3,184
3,1022,85
31,17,86
243,2,226
598,5,153
3,1027,15
63,2,638
14,44,280
5,1032,55
648,1,80
33,44,46
940,4,269
5,93,167
4,1035,39
480,4,70
4,942,749
0,14,659
3,55,164
1070,7,12
3,931,12
11,31,1316
675,4,25
10,90,13
3,1042,93
3,200,18
182,2,217
594,3,80
344,4,349
610,7,29
3,289,1108
54,5,7001
7,1048,51
3,1049,13
3,214,126
2,298,67
748,5,59
962,3,45
3,1053,24
56,10,23
7,66,140
1017,6,30
22,27,16
4,1056,13
3,1057,55
3,959,29
537,4,12
3,983,36
4,350,351
150,1,56
760,3,13
1288,3,23
3,502,241
2,133,64
838,2,14
1,358,46
7,1067,32
128,10,743
1600,3,58
5,669,10
2,1069,15
4,1071,22
3,757,212
9,47,797
3,377,330
1004,7,27
46,39,795
10,42,315
3,646,36
10,1078,69
4,1078,34
83,17,14
344,11,24
737,3,11
7,510,22
3,510,153
15,34,145
255,3,72
7,1083,21
645,10,31
21,44,608
884,4,50
1,92,144
241,7,27
120,3,26
726,3,13
10,156,42
3,1090,15
6,390,13
17,54,11
4,1091,63
1314,7,33
554,2,33
34,17,479
254,13,54
57,3,89
7,380,165
12,47,60
4,936,31
13,74,374
22,46,47
1532,3,14
2,205,1059
543,7,14
259,4,174
341,4,26
886,1,413
358,3,641
4,783,44
3,1098,118
124,7,245
849,3,66
4,875,18
741,7,13
22,39,1331
323,2,14
4,1103,11
39,15,1230
5,285,51
622,3,11
244,2,102
27,8,602
15,27,23
3,1108,98
6,93,10
11,93,808
3,1058,28
238,2,21
1012,11,17
132,3,185
239,3,54
537,22,49
3,356,163
3,479,292
1,1114,128
12,42,633
47,17,359
7,640,29
60,3,23
205,4,146
3,1116,24
193,3,28
10,108,227
3,495,13
2,377,14
3,123,623
7,123,458
17,123,11
385,10,16
7,43,175
3,309,150
4,1120,164
7,1120,24
3,1120,89
355,2,64
4,101,28
7,1121,41
0,46,119
244,6,47
123,6,10
7,551,122
1061,5,20
1493,3,54
3,1122,3002
422,4,217
7,940,108
4,1123,17
7,646,20
358,7,194
577,5,20
4,1085,16
91,3,17
4,643,1973
307,4,85
4,501,24
3,501,12
3,1127,196
3,1131,23
435,7,229
861,7,32
1159,7,14
1461,7,14
3,554,457
470,3,18
486,7,18
1,45,36
103,4,289
47,0,727
1,734,39
3,734,71
1252,5,13
7,554,82
10,554,214
195,3,690
34,25,839
20,16,406
2,882,11
554,4,466
233,1,56
267,7,12
5,1035,65
7,1035,34
3,1021,33
706,3,92
3,631,22
3,1144,253
124,3,428
55,1,24
7,657,85
5,237,11
5,1149,104
3,1149,131
1420,7,22
3,231,123
3,331,27
7,1033,138
626,4,284
892,3,12
632,10,15
3,694,171
46,17,285
632,3,305
238,1,42
14,39,94
638,5,177
3,118,78
2,1102,11
5,1102,141
4,1102,51
31,9,433
3,532,83
905,3,17
3,182,232
44,11,4987
3,1162,99
3,692,36
108,6,733
7,104,39
3,232,20
4,232,114
2,188,23
1167,3,11
233,3,827
7,1137,58
128,21,214
3,40,247
3,1165,11
3,1166,111
1112,4,20
1,1079,12
7,1095,60
339,4,15
1248,3,11
3,920,856
13,43,14
7,670,10
3,1054,22
4,1054,40
489,3,70
2,1172,18
3,1173,28
1088,10,24
2,282,29
940,7,113
4,1174,61
1583,4,10
357,3,21
116,4,90
3,1177,13
1199,3,22
3,908,115
7,908,130
5,176,12
7,905,10
14,47,10
5,339,106
886,4,57
25,44,88
254,1,37
204,3,890
63,22,41
4,1030,36
6,572,29
3,572,427
7,572,222
4,1185,120
123,4,666
252,3,23
204,2,36
1464,7,21
13,31,72
603,7,100
4,1187,13
3,672,12
282,10,15
4,1052,17
3,1052,11
1121,1,14
10,233,181
33,19,262
25,31,116
7,1191,99
10,803,61
325,7,202
3,1195,14
3,1196,11
7,1196,32
4,830,35
645,3,16
51,3,35
13,54,41
902,7,13
988,3,26
3,726,59
7,153,18
122,10,40
3,1134,426
3,121,283
1277,4,10
39,14,70
1520,7,34
5,814,44
0,405,166
3,1206,52
45,7,60
3,610,13
252,7,37
6,71,22
3,971,11
7,298,122
3,1175,40
3,1211,18
7,361,48
3,253,12
4,125,47
7,125,45
783,7,12
3,1214,38
3,1216,95
10,80,98
3,1217,244
3,657,30
441,11,54
3,406,130
34,14,55
4,113,137
5,183,69
4,968,154
3,544,185
4,842,21
598,4,263
298,5,288
3,1222,21
10,258,45
1301,7,11
3,541,38
427,4,77
12,46,55
435,3,35
182,3,187
3,1228,10
10,56,10
4,733,282
7,1102,132
3,1102,19
3,1028,47
4,27,1154
17,42,412
2,150,108
1,150,118
10,150,144
54,24,44
3,593,133
3,895,37
1516,4,13
63,4,2226
5,101,26
4,1234,38
5,1234,10
3,236,194
7,349,59
3,349,12
74,2,147
890,5,69
15,33,2296
7,197,20
4,521,37
8,210,13
39,34,45
61,10,46
825,3,28
31,16,30
4,159,49
10,797,110
7,1124,35
204,1,80
787,7,48
3,647,106
577,2,16
10,217,74
1009,3,12
3,969,24
3,1244,12
4,774,211
3,458,30
4,638,45
10,638,40
17,44,566
6,53,31
5,537,84
4,1249,17
3,1250,179
345,7,18
1250,7,36
1255,3,32
5,108,39
7,291,205
173,7,764
0,61,26
3,840,12
7,712,76
4,1256,11
7,182,195
7,1257,20
3,1257,12
3,1259,35
69,5,15
1258,3,19
10,74,115
3,837,29
3,1263,35
11,441,24
4,526,28
3,198,12
3,1062,129
254,5,60
7,1266,70
3,1017,2808
1264,5,19
1384,3,116
4,59,130
6,156,45
1,195,107
3,1269,10
89,4,15
10,1084,131
3,1084,69
7,1084,13
3,269,60
5,635,22
139,10,43
7,789,10
122,4,75
29,3,72
1265,3,11
1406,7,12
3,587,48
579,5,31
395,3,11
3,770,226
13,1280,31
1195,3,13
4,800,65
3,67,211
847,7,15
7,1045,28
4,1045,30
128,11,88
342,7,162
3,1293,109
3,448,13
194,7,17
244,9,158
294,2,10
529,3,10
3,1087,143
2,1300,17
7,399,43
4,906,159
1111,5,11
5,1072,12
1282,3,10
148,2,170
20,74,28
196,3,31
551,7,64
1204,7,12
7,1301,10
44,8,203
7,306,318
3,306,119
4,306,2024
1522,2,107
274,2,14
3,261,33
297,4,49
33,14,1416
7,1302,211
166,3,68
5,1303,38
355,3,48
3,642,422
5,642,35
624,2,204
3,1304,16
236,3,108
356,3,115
1094,7,60
1066,7,49
3,1305,108
7,1305,15
378,4,20
3,1191,348
4,1191,79
3,663,2030
3,1310,119
3,157,97
442,4,56
885,3,165
3,58,95
148,10,34
518,4,22
30,7,93
1280,4,47
20,44,1177
1153,4,46
7,500,47
676,10,67
243,4,406
626,3,23
1480,5,13
940,2,76
137,3,150
2,887,26
4,89,12
126,7,10
7,136,149
537,5,18
3,1318,60
389,3,94
3,91,264
3,1321,179
1662,3,11
339,3,379
3,611,89
7,831,23
296,3,152
3,1237,19
4,982,17
3,982,815
4,1159,211
300,5,20
17,46,411
4,1194,23
150,0,32
11,128,160
297,5,190
360,4,47
1033,3,25
1680,3,27
123,7,94
11,471,18
3,68,70
442,3,109
7,909,50
256,3,88
3,1070,26
5,1243,42
7,1243,16
642,2,17
5,475,11
63,3,207
371,3,60
1495,7,11
3,149,319
7,1098,29
231,5,22
3,461,54
1,454,30
10,1332,13
3,1332,55
465,3,25
847,2,75
3,1298,76
5,89,152
3,83,115
645,5,66
1259,3,10
3,744,140
4,84,1336
3,1322,32
839,7,11
4,740,1057
7,740,12
1120,7,139
7,1336,35
1264,3,90
103,3,377
1061,7,16
10,1023,106
4,569,10
589,3,16
4,978,39
4,337,32
437,3,23
0,108,38
3,899,10
5,128,2237
660,7,24
7,731,15
5,731,14
3,751,12
795,4,68
3,1136,20
911,3,16
3,1296,281
204,4,27
3,1347,39
10,595,33
1185,4,20
287,7,18
632,1,18
10,747,33
5,747,19
13,188,54
957,5,29
7,76,467
4,1352,232
10,665,109
137,7,55
3,1215,22
697,3,92
3,1358,14
3,390,135
10,1359,17
4,300,10
297,10,18
4,1362,112
1236,3,41
3,1183,10
3,1007,65
1144,2,28
2,551,28
4,592,15
266,4,113
7,754,57
4,1365,109
3,1104,338
4,610,108
24,47,371
8,42,1107
7,577,62
3,577,45
10,1366,35
5,1366,99
4,1366,63
3,1366,226
886,13,10
997,7,35
1456,7,66
614,3,44
2,977,80
645,2,43
3,1368,85
7,639,13
429,3,27
479,3,88
4,1314,65
10,1374,10
3,1375,23
1,854,10
224,7,52
642,7,37
3,574,129
1453,3,211
4,374,72
1160,10,23
10,328,55
4,1380,11
503,4,121
7,1192,65
4,1192,35
3,1194,64
396,5,99
555,10,10
5,205,56
13,107,15
554,6,36
8,204,21
11,47,543
10,740,11
5,526,184
8,526,38
112,6,25
3,1383,76
266,5,43
27,16,49
4,1384,48
1330,3,10
3,188,76
7,188,245
7,1386,45
4,1132,69
413,3,12
793,4,11
56,3,328
107,4,137
1,1389,34
1354,4,60
4,1017,233
27,19,22
10,1246,31
3,1246,158
3,348,184
2,74,236
182,13,35
25,39,862
10,597,14
3,1392,38
2,1149,15
4,1393,11
7,536,76
1369,4,58
20,19,198
20,39,40
3,456,27
5,1198,12
4,1198,10
3,951,46
42,6,67
7,1399,37
4,493,20
46,47,88
7,648,219
5,72,554
31,0,64
171,5,77
731,4,48
150,3,253
20,42,64
1241,4,13
351,3,23
23,3,121
5,130,124
1362,10,41
5,1069,11
4,1414,37
7,1415,36
1629,7,13
540,3,14
3,707,120
3,624,113
6,61,12
554,3,90
31,33,45
5,519,16
4,889,88
4,355,87
93,7,423
3,1238,89
0,112,27
196,7,96
7,243,98
6,44,571
3,764,13
7,1390,11
668,10,22
10,658,10
4,49,67
3,49,10
115,7,10
3,1400,78
19,46,57
16,20,423
7,523,73
93,5,167
44,19,307
5,607,34
3,607,13
3,1252,10
5,1252,23
4,1252,87
7,133,47
10,133,51
1018,10,11
738,3,57
7,438,139
4,1425,218
10,538,11
2,238,26
945,3,119
3,1428,14
791,4,44
3,595,217
7,1188,17
4,479,35
5,1182,35
46,15,167
166,10,60
63,13,399
7,594,114
3,594,34
4,594,21
815,4,50
31,14,17
642,3,61
677,2,12
205,2,10
460,3,12
978,4,22
30,12,52
747,10,12
1362,3,21
11,46,138
1328,3,15
526,4,12
42,14,44
3,339,56
6,339,10
4,339,85
7,899,14
5,1436,19
10,106,448
4,567,10
1126,3,10
113,5,79
842,3,21
1529,4,16
631,4,34
935,3,12
183,5,19
5,69,20
4,1442,132
770,3,119
5,800,37
11,800,39
46,9,141
438,3,79
323,3,64
4,370,34
7,219,11
7,1264,48
3,877,23
374,7,55
3,1444,90
1030,4,14
10,588,252
915,10,39
108,0,324
1137,7,63
3,1446,60
3,310,124
156,6,41
5,1132,50
7,1132,36
1,1132,11
1017,13,18
10,784,23
10,338,84
7,914,38
427,5,47
3,345,27
264,3,24
677,5,352
3,115,10
7,730,52
3,730,149
87,3,44
4,1448,247
610,10,14
3,1449,64
4,1449,10
4,1032,1180
619,3,63
1,1102,107
3,946,65
453,7,19
50,4,29
576,3,28
205,13,56
4,626,517
7,626,65
358,2,57
4,112,5089
3,699,165
1293,3,20
4,1456,18
7,310,13
1672,4,12
1,43,159
663,5,49
22,182,81
174,11,45
1300,7,22
3,1394,31
4,1394,88
621,3,76
2,624,267
3,1202,70
3,242,58
529,5,70
1044,7,23
7,1330,16
137,17,10
5,686,119
3,686,39
11,173,42
3,206,12
697,2,14
296,6,27
5,1325,20
1440,3,14
906,4,39
4,1141,124
4,794,26
504,3,48
1219,5,117
3,517,32
1164,3,101
22,31,46
265,3,20
552,4,27
11,438,42
270,11,21
3,1415,170
130,1,109
1402,3,15
76,13,40
3,370,56
22,370,10
641,7,57
184,3,10
10,205,121
5,1089,28
3,980,21
1461,4,201
3,112,585
84,6,980
10,1438,13
206,3,21
3,113,110
5,113,69
3,184,103
1005,10,70
3,537,940
4,537,120
5,905,33
12,31,52
3,1121,150
4,388,45
3,1189,43
3,993,17
3,1077,10
7,1440,29
7,265,51
3,1204,28
63,11,151
3,252,136
30,2,12
478,5,13
3,1229,10
7,289,16
7,496,63
631,8,16
1384,4,123
1111,3,19
5,1235,11
1482,3,32
89,5,192
9,537,13
1145,10,13
3,166,119
10,166,198
68,3,54
788,3,15
3,1372,11
22,34,62
235,5,25
3,23,391
4,1480,67
3,767,111
874,5,155
1443,3,14
3,792,13
218,3,24
302,3,20
906,7,30
3,386,167
7,1481,122
3,351,340
3,484,10
978,5,133
4,445,1282
3,1184,20
7,1184,45
1520,3,24
10,69,184
3,864,67
485,3,33
4,1483,18
1364,3,10
3,1066,39
4,1484,137
4,940,2158
1,981,11
5,761,52
3,981,343
233,17,12
2,854,30
3,605,27
3,681,13
7,1487,27
5,1051,150
1287,10,22
10,326,243
7,326,15
5,297,708
315,10,11
3,655,86
1170,5,14
5,95,14
6,112,39
274,5,46
46,25,17
3,1478,59
31,25,157
1631,7,13
4,795,199
206,5,24
3,1381,11
4,1398,32
3,538,221
3,230,31
1032,4,154
1200,3,10
2,637,49
883,7,11
2,1225,12
642,4,33
2,326,50
304,4,52
4,1496,10
647,3,97
7,113,302
648,7,15
5,1201,15
1674,3,24
32,3,53
12,27,25
409,7,10
3,1466,10
3,288,28
1081,1,21
3,1345,12
2,103,40
1048,3,34
24,42,93
502,3,25
74,22,53
4,1377,20
137,2,55
3,1499,19
4,753,11
7,1500,11
3,1064,68
3,1502,60
1,128,168
3,536,28
4,213,520
1499,3,18
3,862,41
1221,7,48
1,583,71
704,3,193
7,1508,215
261,3,54
3,575,110
1078,5,11
3,1357,32
3,1004,25
7,59,22
46,16,314
600,7,129
4,603,486
130,5,187
695,5,99
1,985,20
631,7,27
7,1403,22
183,10,12
1,914,20
3,1210,189
5,1510,15
4,254,89
297,7,13
31,24,52
7,116,173
10,116,11
8,116,16
13,774,20
2,1125,52
1468,7,38
3,1193,111
5,342,249
11,342,29
210,4,56
130,13,39
1386,5,10
12,34,67
150,7,71
4,555,30
185,6,16
3,705,117
3,871,19
767,3,30
2,1098,111
4,1294,12
33,47,69
51,7,18
1374,2,162
326,4,379
405,10,15
3,628,16
3,1513,80
1346,7,27
778,1,35
4,1060,16
3,1515,15
523,4,25
40,2,13
2,1119,98
188,13,42
577,3,35
10,123,70
7,804,722
10,770,13
2,440,15
1432,3,30
3,1465,102
4,1331,102
3,303,13
7,303,59
2,148,51
7,148,12
8,148,31
3,749,33
4,1075,16
397,4,25
10,915,53
298,1,45
337,4,56
4,394,15
59,3,39
4,1520,97
4,1521,51
4,1181,126
516,3,15
273,3,48
2,166,10
1379,3,59
675,7,101
7,1010,29
1,55,110
1095,2,13
202,4,22
564,3,102
237,6,16
162,7,36
252,4,10
3,1281,13
1448,4,42
491,3,75
1,130,10
7,1142,64
5,1142,45
4,1142,21
10,1142,10
11,30,15
320,5,21
38,15,60
7,407,141
148,4,21
1432,7,41
7,1291,11
341,3,29
300,3,108
595,3,28
44,34,18
422,3,10
3,961,19
4,467,10
290,4,127
473,2,23
4,943,10
1625,3,25
887,4,133
603,4,59
3,56,200
808,1,18
5,229,10
7,229,38
642,5,36
178,4,18
1181,4,47
3,1030,42
598,10,130
3,1410,17
1094,10,26
7,444,26
1160,4,22
20,47,213
31,13,216
204,15,56
3,1522,68
3,1525,73
3,1526,39
2,1527,25
7,1527,12
1398,4,34
3,1301,76
3,1528,15
0,27,59
13,233,33
602,3,44
4,632,1000
7,632,10
938,3,15
3,1163,45
1673,7,11
340,3,26
5,684,24
195,5,63
10,778,42
3,1404,50
400,5,48
108,11,59
6,237,47
7,237,95
291,3,116
3,1500,46
424,4,13
4,657,388
74,15,306
4,400,38
5,400,72
4,1536,12
1045,4,160
3,1267,79
10,157,12
3,465,22
1079,7,24
7,1274,87
20,31,187
398,7,135
1165,3,54
3,1288,13
4,642,394
3,491,138
5,70,12
7,1539,13
3,1158,63
4,211,64
1386,4,11
651,3,44
1444,3,16
4,321,57
1129,3,19
920,3,172
286,3,50
1264,7,17
1579,4,13
3,787,148
1,787,12
4,185,323
8,237,45
895,3,41
908,1,82
1264,2,33
74,5,59
3,869,70
46,20,213
3,239,1592
207,7,44
1041,7,23
3,228,185
268,5,20
4,166,67
3,298,118
538,3,97
665,3,110
314,1,101
499,3,46
4,697,88
7,28,46
5,1514,13
10,139,73
6,236,116
185,2,14
33,20,231
3,362,13
5,138,186
1238,7,13
30,10,130
435,4,119
265,7,75
657,7,10
4,1554,16
4,1154,15
4,847,45
4,1501,29
3,584,40
4,1344,27
5,881,55
3,1556,89
707,3,80
11,344,16
30,5,384
877,3,12
1073,10,10
1286,3,30
53,1,35
46,24,145
342,11,32
774,4,60
4,294,31
5,988,50
731,7,19
1517,3,22
245,4,14
1663,5,79
680,3,13
260,7,16
668,3,31
74,14,41
46,42,33
1,113,13
909,7,51
859,3,49
4,948,162
4,1280,70
1011,4,16
148,3,306
5,697,37
5,975,13
104,3,166
433,7,188
378,3,52
1138,4,13
7,112,63
90,1,136
4,382,14
350,4,37
31,15,116
4,1277,26
3,960,10
3,1469,27
337,3,11
3,255,119
7,808,149
11,697,10
859,7,32
282,5,54
720,3,11
5,851,11
1616,3,79
3,1169,16
366,4,10
1102,4,140
388,10,13
3,133,19
5,133,12
2,233,10
289,3,41
511,7,93
1430,3,22
293,5,13
11,981,10
626,2,51
5,171,116
3,759,85
4,759,302
7,916,14
492,10,21
10,832,11
5,1130,17
3,1314,42
103,6,11
59,0,16
10,400,10
46,22,468
7,777,47
4,777,16
3,1179,47
3,1545,37
962,4,13
7,705,14
3,1566,40
4,1566,15
406,3,24
3,1571,13
7,479,86
361,7,22
33,27,12
5,322,14
309,1,12
601,10,70
10,238,19
7,1472,15
4,631,73
103,7,283
53,7,94
1070,3,21
798,5,10
1663,2,16
141,3,36
390,1,43
1390,3,18
5,116,246
10,1314,23
7,1314,58
7,1574,11
442,1,82
10,222,82
1545,3,12
4,873,146
4,970,31
342,5,40
3,1200,698
432,4,101
1426,4,44
3,1576,10
27,20,14
3,131,173
1066,3,92
27,11,117
7,143,20
28,5,16
3,1378,51
61,11,35
3,1359,11
3,161,140
122,3,65
11,876,24
3,1427,1164
6,54,128
10,375,29
805,3,33
1550,3,15
3,567,940
1301,4,25
405,7,77
1545,1,26
5,372,35
1480,10,15
3,1580,34
11,156,38
77,3,12
814,4,24
4,755,12
3,1493,84
1617,4,11
14,42,97
11,42,135
784,10,43
1145,3,12
610,4,35
2,204,16
505,2,10
4,1157,11
3,653,28
4,653,236
7,653,29
136,1,59
1391,3,13
10,104,23
3,844,15
47,12,315
223,3,55
1631,3,30
600,3,42
148,13,34
10,1204,14
4,810,1291
11,810,11
3,1586,16
566,3,46
92,3,95
3,1587,10
11,325,20
3,223,115
3,1283,15
7,1220,61
378,17,26
5,1068,14
7,1068,12
5,555,11
547,3,99
634,4,71
128,4,39
10,107,22
1144,3,11
8,173,12
762,3,79
1400,3,73
42,46,16
34,0,57
3,1591,23
7,1591,17
329,10,17
1,425,51
7,1144,355
7,610,38
9,244,33
11,244,22
3,186,10
4,186,10
4,505,20
3,601,11
398,3,46
7,390,22
7,144,18
1177,3,22
71,4,1550
81,5,11
5,439,14
4,1110,12
160,21,17
4,801,33
3,1593,18
4,1370,48
2,1135,71
150,8,10
1663,3,38
1144,7,78
7,154,36
1194,7,21
18,3,19
3,637,19
269,3,62
3,404,99
30,1,10
84,1,58
0,160,11
6,160,14
1279,7,11
3,638,23
4,1596,66
3,1596,12
43,7,11
3,1492,20
3,1405,11
688,3,108
4,466,32
8,133,278
3,1594,51
355,4,45
1397,5,24
44,39,26
0,31,49
4,219,124
5,219,47
3,365,52
3,353,35
3,1551,24
3,96,40
1439,3,15
7,1400,11
839,3,44
753,5,55
22,42,69
279,1,12
435,5,42
570,3,11
1646,3,11
977,2,14
5,127,95
7,360,35
416,7,12
524,7,10
4,1006,60
3,819,104
3,1471,10
4,1349,17
2,1349,24
7,1349,10
3,821,48
7,821,12
7,726,12
1131,3,11
113,4,26
3,940,76
47,9,68
4,168,276
631,5,55
3,847,138
1214,3,36
3,526,77
7,526,10
3,281,34
7,400,10
3,835,35
1,291,12
5,1419,25
3,880,12
112,2,34
120,7,14
3,1123,38
3,486,118
2,160,32
712,7,17
2,941,65
783,3,15
3,781,11
3,1386,133
5,100,72
1,1033,84
5,1067,25
3,1209,45
3,1565,20
1368,3,21
5,189,61
100,5,41
10,670,12
439,11,20
3,1467,11
4,648,58
3,1604,26
7,1316,37
1062,3,29
7,1197,16
5,1197,26
2,753,12
3,676,22
3,978,20
254,3,51
1,876,16
1415,3,35
5,994,25
130,10,67
4,1589,16
494,5,16
3,1584,47
182,22,102
954,3,13
7,636,21
1604,3,39
7,1135,17
1253,3,12
7,654,33
16,42,13
3,474,29
3,1607,166
219,5,38
3,1382,10
33,63,96
116,1,14
3,1608,29
3,912,105
325,3,339
383,7,10
873,3,12
2,108,94
3,360,37
59,8,16
1007,10,11
2,279,47
1082,4,35
1601,3,23
1,1225,65
1181,1,42
3,1037,54
388,4,12
597,4,24
4,558,11
3,439,20
5,507,10
4,744,56
54,15,45
856,3,134
7,62,62
872,4,69
712,5,29
7,1278,38
3,1278,57
3,1599,10
3,964,10
6,822,11
4,189,83
7,165,13
3,1226,58
236,4,28
205,17,32
4,1409,10
1068,7,12
954,7,10
247,4,21
671,3,13
2,173,15
43,10,31
3,114,53
7,1252,10
4,1611,34
3,1003,23
1074,4,275
3,1433,14
132,10,15
650,5,12
3,627,28
4,1612,17
494,10,13
3,1050,57
1359,3,11
213,4,90
850,7,15
4,1613,58
1,77,52
3,169,149
787,3,16
235,1,18
243,1,27
13,452,14
593,3,10
7,405,77
7,515,18
1,708,18
4,1431,12
1,54,543
320,4,45
107,7,36
191,3,27
134,3,50
439,4,331
3,1019,31
7,1616,12
4,1616,78
3,32,114
1,205,134
10,956,10
63,16,13
7,850,25
3,373,136
123,2,13
1032,10,12
452,3,133
5,251,16
830,4,15
10,431,23
7,819,103
243,3,240
383,3,13
47,14,65
14,74,21
1354,3,45
861,4,873
791,7,22
298,7,45
1176,3,20
7,956,26
3,1376,38
10,93,122
7,93,244
4,93,356
1017,10,32
861,1,72
4,262,339
97,3,13
38,5,106
804,3,174
306,7,69
5,1124,86
2,1124,167
26,3,11
1663,4,16
1017,7,145
3,1602,89
5,1349,225
354,1,21
1572,7,10
3,243,54
1355,7,54
10,1301,20
71,3,11
4,1178,466
93,11,44
3,633,57
372,3,87
7,1505,18
4,330,18
3,272,84
4,1567,25
1105,3,14
908,3,24
4,290,179
1225,1,23
3,1271,184
7,375,22
1087,3,93
4,407,472
4,773,27
102,7,35
727,5,16
5,629,22
3,831,13
10,1349,10
1595,4,13
197,5,28
953,7,52
396,10,26
572,7,21
1300,4,49
3,1627,23
1380,7,24
1132,3,10
4,1074,118
2,1074,15
4,488,37
259,2,11
3,286,120
942,4,98
540,2,14
398,1,28
3,1548,19
149,3,87
1,1380,14
994,7,28
3,689,33
1257,3,45
3,60,27
306,5,45
1193,3,20
5,1160,155
77,4,12
4,430,288
28,3,20
503,2,42
4,81,12
3,1034,10
4,1034,13
7,1607,12
3,906,571
3,741,56
910,3,11
3,602,95
3,1578,31
116,6,25
2,829,20
5,492,11
3,719,29
7,1422,63
3,1422,74
2,657,20
1676,5,11
999,3,79
239,7,15
2,1104,14
743,7,12
7,793,12
714,3,41
10,937,28
6,74,11
2,137,12
3,1164,65
7,1164,11
39,33,74
7,1230,12
5,407,46
3,1490,16
5,1490,10
8,129,12
182,17,12
392,10,30
306,3,10
3,216,28
3,268,15
4,268,28
10,791,63
3,791,160
10,755,11
3,1316,11
1205,4,33
11,233,40
30,4,19
3,728,62
17,63,11
110,7,16
5,563,16
7,953,261
9,116,191
4,1392,14
5,1463,16
3,1291,57
1635,4,11
1,887,63
3,292,52
3,1118,11
31,12,25
5,418,770
624,1,22
554,1,50
259,1,11
1303,5,13
3,987,10
1202,3,20
3,626,45
7,1015,17
646,7,30
1598,3,10
3,1167,24
1079,4,26
3,1086,23
10,1192,18
404,3,73
15,42,157
44,33,55
957,4,25
3,59,295
128,15,16
342,15,10
1316,5,17
3,1284,14
4,487,14
5,414,14
3,1491,50
10,1104,18
112,10,19
8,160,48
442,5,109
3,923,28
775,4,13
1084,10,71
10,1264,12
961,5,18
7,352,27
4,352,70
3,352,47
7,1416,51
4,1416,12
5,376,156
474,3,10
5,1274,20
10,89,14
303,4,119
869,3,68
195,10,48
3,1092,71
391,7,10
690,4,11
19,20,103
1636,3,18
40,1,14
1,634,83
1091,4,22
3,74,54
5,645,103
970,5,26
4,333,15
3,333,16
5,698,72
4,698,18
4,706,61
3,1452,279
3,1168,24
2,1275,49
7,1604,15
1538,4,10
4,405,33
3,561,11
1433,4,34
3,1025,115
11,535,10
3,632,405
4,530,132
3,641,12
1,641,21
7,641,18
850,3,69
7,486,15
1249,4,200
533,4,57
27,17,132
11,129,12
3,979,12
5,836,10
1306,3,10
136,2,48
4,779,30
5,1153,32
4,1644,25
5,1346,35
4,965,47
997,3,86
3,543,44
2,503,52
3,1265,182
7,1232,20
597,5,10
42,33,58
7,613,25
2,613,22
650,3,102
575,3,21
7,840,65
412,7,11
556,3,70
3,1497,11
4,341,15
7,341,47
5,825,28
3,825,15
34,22,39
3,933,10
3,449,10
650,7,14
1313,7,13
3,341,11
5,341,82
3,1406,28
14,31,12
1233,1,12
1,224,238
3,752,14
112,7,65
122,7,10
1338,3,15
4,677,47
5,631,11
7,631,63
4,410,198
7,410,13
428,3,30
81,1,17
7,1412,18
316,6,14
44,47,57
3,1650,30
940,1,69
4,1651,20
7,1611,10
5,1611,94
835,5,15
3,827,47
4,711,14
3,1256,23
1503,3,75
891,10,11
1413,4,14
920,7,12
1102,3,27
5,1036,14
72,5,12
3,1081,108
3,1171,11
4,925,13
3,1247,101
3,1139,40
171,3,11
9,42,174
7,997,77
5,1219,13
3,1208,13
1,119,16
39,47,110
4,360,37
1563,4,20
372,7,248
1079,17,13
814,8,32
2,61,27
560,4,13
5,1144,26
5,1538,16
7,1538,13
595,1,15
265,4,13
445,3,29
207,10,92
1097,4,11
292,3,54
1184,3,17
5,1608,31
4,1608,13
3,913,23
1011,1,29
74,8,13
1308,4,139
10,997,14
3,120,11
1102,1,10
5,279,24
293,10,15
4,738,11
198,5,15
3,1109,27
486,3,83
195,7,18
1059,4,201
3,947,14
543,2,10
683,2,14
1118,4,41
5,478,12
7,478,14
1636,7,20
339,6,11
415,3,36
1140,3,78
778,10,14
4,1657,45
664,4,13
4,1008,21
3,314,191
3,763,15
116,10,39
122,5,83
3,1658,20
80,10,45
3,100,40
3,891,115
1514,3,25
628,4,64
1058,4,50
967,3,23
10,459,10
594,1,29
4,422,753
301,5,18
1192,4,216
61,1,39
37,5,11
7,1312,44
3,1312,78
3,1495,82
2,303,243
930,5,20
4,645,62
7,752,15
1,316,22
3,1268,11
3,1600,39
7,1600,70
10,1600,57
1585,3,30
5,1374,18
3,1374,59
3,1549,25
3,172,12
1329,3,43
7,227,14
197,10,10
4,390,119
104,7,59
1030,7,18
10,792,267
7,1456,94
13,500,21
765,3,123
10,676,40
5,676,84
7,676,10
4,572,26
354,6,18
1120,11,15
980,1,38
63,9,12
406,4,40
47,15,283
81,3,31
348,3,14
7,1663,425
10,724,90
3,1447,45
10,1017,17
7,1017,22
4,1031,10
5,1031,19
3,167,73
7,167,26
5,61,292
5,1520,26
7,756,13
3,756,30
3,1654,18
891,3,22
3,1664,40
4,1664,15
10,235,35
5,235,10
3,1649,19
41,4,186
10,58,323
417,5,32
1042,3,10
4,1648,22
3,1266,36
808,7,16
85,7,20
3,1489,24
391,4,50
326,13,15
7,791,16
3,1665,10
338,10,10
630,3,23
979,3,10
4,1659,87
3,1348,211
567,3,118
33,160,23
3,667,24
7,323,363
1148,3,10
3,1646,332
3,700,25
6,205,35
8,205,77
349,3,48
1315,3,13
4,236,356
983,3,22
1347,7,23
858,3,105
886,5,12
2,1295,86
1,40,46
3,498,18
532,3,36
3,18,10
4,156,23
3,1248,59
387,4,53
5,610,162
7,675,21
2,1150,12
3,1150,12
4,1094,149
4,1461,287
1,1461,11
7,1461,159
11,1461,11
4,731,67
3,464,17
7,464,10
992,4,13
4,1287,57
181,3,10
1605,3,10
522,3,33
15,46,69
7,1080,36
7,1346,79
372,2,17
591,4,30
4,659,266
3,117,96
346,5,136
2,1111,10
4,1111,33
1179,4,14
77,1,10
115,4,16
182,8,71
454,1,11
3,1669,16
4,766,24
769,7,12
4,1250,12
7,1520,29
813,5,10
3,1560,10
5,808,10
303,5,47
1143,3,14
572,3,57
5,1397,25
3,1397,10
4,1397,45
10,29,69
3,1203,89
137,8,10
3,354,46
1086,4,335
3,1272,31
3,84,216
5,1048,14
7,595,163
1035,4,17
4,900,12
7,1177,10
3,858,130
4,1537,26
2,354,10
326,5,908
284,3,37
7,296,52
1,576,24
4,264,289
1522,4,17
626,5,24
5,503,62
4,503,140
7,503,30
4,539,13
497,3,50
4,278,10
5,278,13
195,1,36
1420,4,13
450,3,16
717,4,10
7,1240,39
8,130,41
1210,3,12
3,504,59
100,3,29
70,3,27
7,295,18
113,3,75
3,966,20
1002,5,25
7,202,34
3,739,14
7,739,25
1276,3,10
3,191,38
3,1339,42
1,207,19
10,957,14
3,957,23
3,1384,100
888,3,27
3,1297,22
3,116,80
579,4,10
7,1217,16
17,326,39
3,1212,20
1271,3,96
944,4,43
206,1,11
1473,3,14
4,1527,13
160,8,52
342,2,25
5,225,62
4,680,11
3,1033,32
1063,3,10
7,228,12
185,1,13
3,614,78
4,614,11
7,100,22
5,1479,14
940,5,20
3,1546,11
3,1660,17
236,6,22
4,199,23
3,442,108
5,259,95
1132,2,21
4,1300,104
3,99,41
227,3,23
632,7,13
3,497,69
21,108,21
712,10,19
3,1279,50
4,832,13
7,832,17
5,832,28
3,1640,37
3,1135,15
902,4,19
2,683,14
10,578,71
553,5,10
1252,7,11
5,426,23
3,1455,15
7,458,10
738,1,10
5,1442,10
643,4,20
3,1429,64
4,1429,25
184,7,18
838,3,11
7,852,13
272,7,23
5,352,11
2,78,16
1486,3,16
1102,10,15
3,144,26
3,1255,56
3,520,10
4,654,83
927,1,20
13,84,10
10,643,10
16,46,144
1510,3,10
590,3,11
431,5,19
2,1046,21
3,1046,16
4,543,26
3,408,10
3,1176,10
268,4,17
1,496,37
4,1388,50
3,687,14
3,604,20
140,3,106
1287,2,13
14,9,21
5,254,46
421,3,10
10,1650,64
213,10,14
1693,3,11
205,10,63
4,210,441
17,182,55
490,3,27
7,1677,18
96,3,31
3,656,16
10,1088,26
3,392,60
7,591,21
254,4,37
503,7,27
4,79,203
5,527,34
10,851,10
976,3,189
1425,4,22
328,3,26
65,3,10
435,2,14
4,1508,55
3,659,44
3,1642,12
48,3,16
7,1680,65
10,388,26
5,859,12
3,950,268
1,339,18
9,316,14
3,999,134
3,1356,16
3,623,94
366,5,10
119,5,13
3,1354,119
1071,3,10
3,576,60
1029,3,12
752,3,14
1102,7,227
1115,3,10
4,1328,15
27,22,42
5,1095,11
21,156,15
3,1624,12
3,1430,30
15,74,57
3,1618,87
11,64,17
4,224,13
1,127,13
1342,3,76
4,634,264
7,634,51
92,1,108
93,22,11
3,1317,19
1308,3,296
76,17,19
1233,3,26
42,0,82
1001,4,50
3,531,44
435,1,18
4,990,67
7,778,25
7,161,35
3,838,29
5,838,15
4,838,29
3,799,65
537,2,17
1351,3,10
162,2,11
136,5,25
418,4,14
10,396,37
1608,2,53
5,303,100
13,303,20
2,618,12
1227,7,20
3,1303,26
7,1303,25
771,3,28
3,1069,46
554,10,47
1600,7,14
7,1261,26
319,3,22
616,3,12
824,3,16
4,1386,37
3,284,136
8,479,18
3,863,27
4,863,11
7,863,16
3,1506,91
6,987,91
63,5,76
3,276,22
34,24,18
930,1,57
33,46,92
1,259,14
1254,4,18
3,952,11
5,1074,40
4,661,17
3,263,28
819,7,12
8,63,39
727,7,33
333,3,10
39,27,18
108,24,69
148,7,16
7,1448,14
1563,3,12
3,483,10
4,1683,30
4,1082,589
1594,1,11
713,3,21
10,713,118
3,713,33
313,3,11
7,1609,31
5,1609,12
871,7,35
2,57,25
17,416,27
2,412,1082
4,808,203
10,808,13
626,7,33
27,13,22
5,431,43
1,103,43
3,1040,16
7,1040,11
1,182,12
7,887,13
723,3,25
108,5,45
4,652,19
1,442,103
91,7,33
5,985,48
3,1666,13
3,1151,13
4,1528,40
1289,3,17
29,10,147
587,7,15
3,1509,10
7,1496,14
4,468,22
3,1542,29
4,1686,218
5,396,72
231,7,43
7,1008,14
3,1207,72
3,1117,14
4,736,39
706,7,12
3,885,53
7,885,162
7,1351,115
1041,3,53
3,1396,35
3,195,279
5,195,131
7,195,17
1,738,13
1218,3,16
3,1362,11
74,3,13
969,3,17
4,884,11
8,1120,12
2,1120,32
315,3,10
858,7,13
964,3,43
10,385,33
12,84,13
3,1616,39
333,5,12
1461,8,11
3,1681,34
8,1346,14
3,1407,58
100,7,215
1404,3,21
282,4,10
3,287,19
5,287,209
1602,3,10
235,10,16
180,4,45
3,1346,14
1,1346,48
3,1655,22
194,3,62
1124,5,45
1078,10,12
897,5,14
3,715,63
353,3,53
816,5,13
1437,3,28
3,1671,43
861,8,14
14,46,11
77,10,23
198,3,135
10,1457,10
906,3,74
3,1072,29
4,1421,10
1194,3,28
986,3,23
4,1458,15
4,840,18
730,3,119
4,30,260
529,7,11
3,1434,42
677,7,10
1334,4,20
3,319,20
7,1069,34
1418,3,15
1072,3,14
898,3,15
3,1641,13
314,3,42
657,3,11
30,3,22
7,1688,19
112,5,15
819,3,14
7,1118,118
3,1636,68
1127,3,34
981,3,59
554,7,38
1143,7,12
3,1485,13
1159,4,178
7,1300,47
948,4,45
3,1258,18
10,119,14
11,119,10
697,5,62
5,255,15
4,255,30
5,90,13
3,1678,111
4,206,30
571,3,20
377,3,36
8,156,66
1514,2,21
4,1351,132
689,3,25
3,1076,99
108,25,11
77,17,11
7,1030,11
7,449,13
10,169,10
27,25,10
3,271,78
4,427,474
625,5,12
414,10,14
3,948,93
7,948,27
3,221,54
1651,7,225
390,3,17
848,4,10
3,1239,43
4,478,30
27,24,22
3,824,10
4,1303,15
7,529,204
7,1435,39
177,7,29
4,384,38
4,216,19
5,216,10
36,4,10
2,526,18
701,3,14
1464,3,46
3,1620,34
5,583,25
7,765,10
3,765,34
4,344,118
27,34,31
4,1227,26
39,20,11
3,843,20
3,1555,12
4,1663,53
3,1663,239
258,10,16
3,967,14
27,15,40
250,5,87
7,388,17
694,3,95
8,1191,16
2,786,32
10,786,103
1108,3,38
4,1475,15
510,4,77
7,660,21
4,746,11
7,746,14
3,902,109
4,902,28
5,902,47
6,252,12
2,1386,15
1452,4,17
7,194,31
205,11,10
3,335,10
10,112,11
258,3,12
808,10,14
3,485,26
130,6,11
300,2,28
189,4,33
133,7,101
4,676,32
551,1,87
2,43,87
3,1562,44
293,2,14
3,1653,11
676,13,12
4,1534,153
116,2,33
3,578,12
84,2,17
1340,4,11
243,7,51
3,1656,16
3,782,31
5,1468,26
7,1468,11
4,1468,31
228,3,83
294,5,13
572,5,12
1520,5,11
4,904,16
3,904,32
4,1152,14
3,806,11
327,3,114
7,477,98
534,7,21
3,1423,11
1530,3,44
313,4,48
3,1477,32
695,7,21
339,15,30
49,7,11
479,7,10
1257,4,11
3,1437,87
436,4,10
3,1644,19
4,143,10
4,1462,31
2,1462,72
3,1632,23
5,648,87
3,648,13
13,648,13
2,648,96
7,1389,12
1221,3,12
3,453,19
10,576,33
7,576,12
245,5,11
1,503,12
7,695,136
5,695,50
4,695,36
5,455,61
233,5,62
3,1668,36
5,23,10
3,1673,45
5,81,43
192,4,22
118,3,77
359,5,32
4,635,12
930,4,30
4,402,43
7,1483,13
4,549,22
7,1204,22
4,1204,27
5,1204,28
3,1370,31
4,987,10
1333,3,121
3,622,14
4,52,187
1216,3,61
7,540,12
7,994,36
287,22,16
133,6,23
3,1622,40
61,0,18
378,13,33
7,443,11
3,1605,17
4,1519,48
5,1519,13
7,1605,87
307,3,15
33,31,25
73,4,164
3,1652,12
354,4,21
1291,3,11
1146,5,57
1204,3,13
1266,3,10
1093,3,19
3,609,28
645,4,22
207,2,24
7,457,11
3,1530,37
10,1319,14
5,1319,10
679,4,30
10,598,14
3,598,10
10,253,22
27,39,12
4,560,28
3,984,49
5,1061,19
468,4,27
446,3,10
163,13,12
665,10,26
7,920,24
2,128,1486
30,11,10
3,1615,10
7,404,58
4,326,2177
315,9,10
1,61,14
3,407,131
1682,3,11
11,927,17
4,927,78
5,467,16
10,727,41
921,4,20
3,928,16
5,107,24
3,1225,101
5,809,21
1564,3,12
1455,3,14
2,1144,59
125,7,137
4,1569,11
1337,4,32
10,1392,27
1441,3,28
4,1337,40
7,700,14
1181,5,11
1014,5,14
169,3,120
810,4,12
298,14,35
246,3,13
4,396,101
298,2,15
3,1418,120
7,548,11
3,685,10
1065,4,19
5,1480,22
1,285,11
1481,4,33
5,1431,16
4,1510,49
3,867,103
4,1367,10
3,472,16
2,830,17
232,4,21
131,3,10
43,6,17
10,247,50
2,463,317
7,166,44
626,13,11
3,1552,12
3,1651,41
901,3,13
3,30,334
3,1523,15
17,778,19
5,420,240
1204,4,17
634,7,58
991,10,14
668,5,20
10,1259,17
7,630,12
5,630,51
10,467,15
74,25,10
3,489,151
1341,4,12
3,944,37
4,1572,35
3,778,27
1456,4,75
479,4,37
750,7,10
2,537,102
7,537,62
7,1620,11
10,1005,52
2,1095,34
603,3,45
3,1568,39
3,1329,85
10,315,15
10,230,25
3,794,11
3,833,32
1266,7,115
103,1,13
3,1245,38
1566,3,15
1217,3,50
7,1046,15
47,39,51
5,257,49
1,30,70
10,30,14
3,1401,22
585,3,15
1383,3,21
3,1691,36
1039,4,1166
5,1172,22
7,1455,11
4,1455,55
5,1455,18
1036,4,15
1224,7,10
7,1376,55
10,339,14
4,1619,18
1581,3,17
10,695,14
4,1650,14
7,1650,24
84,17,22
33,42,189
4,716,64
3,718,130
232,7,32
1078,4,23
1060,7,11
3,1592,21
195,14,35
217,10,26
4,481,75
10,312,40
3,312,12
3,727,49
341,5,50
54,22,27
4,267,83
1123,3,16
360,3,28
3,1557,61
946,3,25
143,3,11
312,10,31
4,1399,40
7,1127,136
193,4,17
1411,3,16
216,4,20
861,2,16
4,127,22
3,991,10
2,1287,29
5,333,25
3,1451,11
3,1128,16
4,104,21
6,104,60
7,504,20
2,738,12
167,3,19
42,39,48
3,813,56
1155,10,20
3,1292,11
3,1307,458
5,529,15
677,3,37
3,1610,14
4,1459,25
7,1459,14
7,267,10
3,973,30
7,1563,17
1194,4,11
157,3,48
3,141,108
207,1,146
53,10,154
1231,4,528
125,4,15
3,812,62
1650,3,10
10,1114,10
64,11,21
461,3,40
1461,3,10
5,1045,62
3,1403,29
1032,1,13
4,242,12
460,7,11
4,1593,161
675,2,11
7,287,11
54,8,38
1046,3,11
774,1,13
3,1609,22
3,1524,67
1033,7,12
1,244,10
6,244,37
21,244,10
5,346,178
1059,5,10
442,2,20
7,278,44
232,10,15
3,1512,112
3,865,10
4,1679,83
3,1679,11
781,3,10
1303,3,19
18,4,16
276,4,15
7,45,29
1350,3,183
1160,5,253
624,3,22
3,1262,11
1,76,16
7,1642,17
3,910,18
826,3,40
3,1482,93
4,998,10
7,184,27
887,2,15
3,1330,12
706,10,17
1329,7,34
713,10,77
544,3,11
759,4,14
1559,4,173
7,389,10
4,1186,19
11,1094,12
3,1106,275
4,41,16
3,41,30
7,1213,11
4,1213,38
152,5,23
8,632,18
3,1535,18
10,876,63
5,663,62
7,663,89
168,4,17
7,643,16
7,316,34
7,682,12
7,1353,36
213,2,10
705,3,51
277,3,31
3,1038,254
119,2,84
38,8,61
1478,3,31
3,357,35
10,857,98
382,4,47
3,1623,13
1393,7,11
542,5,134
365,3,34
3,939,13
266,10,12
4,288,20
4,354,17
1,354,10
352,7,10
3,1015,13
830,7,16
10,329,42
7,1380,185
4,1433,36
3,1043,14
7,324,44
818,4,27
3,1029,60
3,839,91
7,839,20
396,7,32
24,112,10
7,835,73
10,927,55
4,1341,34
3,295,51
10,601,77
3,433,16
7,433,72
4,1654,20
1246,10,10
878,7,11
1,298,15
3,1018,94
1072,7,51
978,3,19
3,1647,12
4,1239,15
103,5,29
211,7,13
7,1592,23
3,1432,62
3,889,33
7,889,16
5,549,67
3,1107,26
1299,3,14
3,1327,22
99,3,10
897,10,21
4,180,1285
150,4,64
4,1262,53
19,31,10
308,4,12
799,3,10
1144,1,14
987,10,35
495,3,13
551,3,37
3,989,12
325,5,17
3,1011,30
7,1011,10
4,1011,12
525,7,13
484,7,13
7,946,12
1346,3,21
1,405,56
6,405,74
17,405,57
4,423,65
3,665,210
10,1014,61
767,5,10
1260,3,19
4,250,15
414,7,61
160,6,14
4,1235,22
733,2,42
5,1511,19
7,1309,63
3,246,10
2,213,17
3,972,11
47,20,22
206,4,34
4,1292,18
7,1292,12
4,470,22
632,4,133
7,398,103
5,40,10
3,918,18
390,10,53
5,236,11
2,163,73
657,4,17
4,1324,12
1606,4,10
1460,7,15
298,8,30
3,1453,264
3,815,12
11,77,10
656,3,12
974,5,10
10,278,14
1614,3,21
1030,3,10
71,6,17
3,1373,13
4,1373,17
650,1,21
1232,7,32
3,1273,19
686,3,59
7,1096,118
5,1096,25
10,995,43
7,995,18
3,1355,27
808,4,111
1069,3,26
4,985,43
400,10,16
287,4,12
3,903,21
1384,7,16
7,99,33
923,3,43
10,342,38
3,916,20
2,554,95
10,175,10
1223,7,15
289,7,11
2,243,1140
8,74,13
744,3,109
4,43,20
5,1518,11
7,906,245
791,3,26
2,800,84
3,1408,34
836,7,29
3,1190,43
1101,3,16
224,3,13
1473,4,10
3,196,10
4,1355,12
1,1355,35
4,1507,10
8,697,14
3,1577,16
401,2,15
645,7,49
2,320,58
3,516,18
4,963,24
5,1155,11
11,893,13
2,1448,10
3,177,10
1667,3,43
7,1315,44
53,6,11
5,727,73
4,727,16
4,580,12
3,860,24
1346,5,16
1006,3,21
1048,7,19
914,5,12
3,1342,73
342,10,10
1,1120,232
617,4,15
5,1100,12
158,3,42
3,1385,16
1387,5,17
5,668,126
3,668,137
11,668,73
4,668,11
4,1476,52
1543,3,13
974,7,102
3,1582,13
318,3,28
594,10,13
3,613,42
7,1115,20
1306,4,13
323,7,10
7,254,24
1,730,11
759,1,58
1384,1,15
241,2,13
4,663,13
1163,3,11
3,874,13
4,874,41
5,388,51
396,4,28
3,1470,258
3,1675,46
4,1122,39
1474,4,15
47,16,28
4,1538,23
7,1460,35
802,3,14
8,554,10
392,4,40
4,1583,131
137,9,14
537,9,11
3,135,97
392,3,14
770,10,11
4,1426,172
3,868,32
7,773,15
311,5,11
1658,3,21
5,542,70
7,1004,15
278,5,27
4,815,34
449,3,21
9,123,81
3,1133,24
288,4,13
156,22,396
867,3,84
10,963,10
2,730,54
4,245,11
4,476,35
7,1029,13
3,1445,10
1120,5,57
1684,3,11
24,46,24
5,494,87
225,5,300
677,1,14
3,926,15
10,526,14
61,13,22
1111,4,15
489,1,23
3,1643,38
3,503,19
3,866,18
22,108,13
7,541,14
3,1241,10
1,537,25
1,1127,10
1477,3,36
1290,3,12
2,360,41
3,1242,65
7,75,12
2,75,12
5,320,15
1541,3,19
1,801,26
5,801,21
673,3,53
7,1175,18
1110,4,18
372,4,148
818,3,12
7,975,13
686,4,11
3,1639,10
10,556,11
4,142,25
7,511,39
7,550,20
7,858,19
3,814,12
3,1363,11
43,1,20
287,5,30
404,7,21
887,13,88
4,343,17
525,11,17
1,255,67
7,1018,25
3,776,16
1209,3,53
3,480,31
7,480,26
3,1692,35
5,311,517
728,3,35
4,1684,11
11,241,11
927,10,12
5,677,70
373,3,51
3,514,18
10,1354,28
4,1354,121
384,4,18
724,10,43
4,265,12
2,155,25
5,725,28
1033,4,13
3,1498,10
504,2,20
7,1109,22
4,1630,11
814,5,30
624,4,64
562,7,34
555,5,21
4,956,12
7,886,11
3,279,21
4,279,17
100,4,18
13,61,67
7,162,45
1200,17,14
4,1279,35
814,2,21
7,1190,22
4,1687,14
3,680,19
7,1059,98
487,3,10
4,1563,10
7,1544,18
5,577,10
1132,4,12
530,4,182
571,1,13
10,73,16
4,204,171
633,3,41
38,13,331
328,10,29
13,27,50
4,1395,20
10,1306,28
645,11,23
3,1402,61
128,6,14
234,4,22
2,254,62
3,254,17
136,17,11
128,1,210
7,1344,10
171,10,52
1663,7,168
10,1155,10
4,743,10
13,934,29
10,632,18
546,3,13
1448,7,24
1452,5,12
1062,2,11
7,363,88
1414,3,12
660,3,12
3,922,15
244,5,31
7,934,16
1520,4,21
7,80,50
4,872,42
10,872,43
3,1540,13
470,4,10
189,5,10
4,1242,41
2,598,169
21,204,21
123,11,32
3,1621,17
3,1695,10
648,13,20
7,272,20
5,848,50
1,1032,59
1,228,69
1172,7,12
3,859,61
5,182,60
42,9,13
830,10,117
3,1417,11
8,238,30
7,377,33
1635,3,22
47,46,240
3,1006,210
93,13,11
3,1145,62
4,798,10
4,1099,78
577,11,26
4,77,63
4,1055,22
3,260,11
7,1020,11
240,7,11
1,83,10
7,1608,19
422,7,17
1290,4,21
3,710,46
4,710,16
3,720,11
1,190,97
405,6,13
5,1569,19
7,574,12
7,1251,13
4,1251,25
568,3,33
20,61,15
1166,3,12
558,10,10
7,1697,46
299,3,20
305,7,12
479,1,11
10,1694,13
7,1320,10
1314,5,10
17,219,10
246,7,19
232,3,21
1353,4,10
364,5,22
7,226,21
3,826,11
3,1531,30
3,451,50
1265,10,23
42,25,23
5,1059,67
4,1059,61
5,359,43
3,359,30
10,1159,11
347,3,13
89,3,10
17,74,15
3,1113,14
4,1487,13
3,367,13
610,5,31
3,850,376
10,1518,161
3,1689,119
1192,7,10
88,5,78
1568,3,23
3,1553,13
209,7,50
186,3,110
3,277,25
1081,7,40
1,136,24
237,4,54
17,716,18
1375,3,14
1343,3,19
6,298,11
10,37,29
4,193,111
5,482,13
1,166,12
5,1033,18
366,7,45
49,5,13
918,4,54
7,396,92
3,1379,183
2,949,69
3,35,15
3,820,12
8,54,183
554,22,14
1519,4,29
67,7,10
716,5,12
896,4,21
7,709,24
8,906,13
3,45,13
1,116,15
3,89,21
3,823,27
850,4,35
10,412,10
8,153,12
4,1488,31
3,1047,12
7,620,192
4,379,94
1395,4,55
1522,7,27
4,331,14
4,1590,19
3,1690,37
4,1694,15
837,3,33
11,454,14
3,945,228
907,4,135
508,3,16
620,7,47
108,22,10
3,1026,14
298,10,12
623,3,35
129,6,75
11,439,46
656,5,47
4,165,552
11,957,13
254,17,17
17,233,20
5,142,19
137,13,19
7,1492,12
1587,3,30
4,287,18
3,1645,10
13,119,47
15,522,10
3,334,14
893,11,12
3,1685,17
107,3,10
4,1372,12
5,308,17
4,1360,522
1332,3,32
1034,7,65
5,1270,14
4,1270,48
4,1033,19
4,282,12
1,654,54
11,784,206
4,784,15
1153,10,15
10,294,18
5,233,31
407,5,28
249,3,11
3,1024,128
492,7,221
4,1597,47
17,946,44
3,811,41
1156,4,13
3,1588,20
648,5,11
815,3,15
3,621,99
1483,4,16
5,370,28
5,1118,13
4,1118,31
668,6,40
3,1016,21
3,1561,14
4,1407,13
853,3,42
3,435,90
4,1481,26
4,921,27
4,1330,101
1059,7,53
7,1424,358
326,2,19
1002,7,15
498,3,18
17,254,12
11,1573,30
5,739,13
63,17,16
756,3,15
40,3,15
3,1696,164
4,557,26
505,4,15
7,431,62
416,10,10
3,469,20
3,619,30
7,619,139
354,7,78
3,1311,14
5,304,19
4,304,48
3,998,54
3,1670,10
1,1506,10
1053,7,18
7,1335,10
650,10,12
3,1539,22
10,1628,13
3,1626,56
208,11,11
3,1061,97
985,1,17
1369,7,21
153,4,19
7,1533,79
3,1371,27
